1.00,0.64,0.28,0.22,0.31,0.49,1.00
1.00,1.00,1.00,1.00,1.00,0.40,0.00
1.00,1.00,1.00,0.21,0.03,0.40,1.00
0.13,0.11,0.23,0.61,1.00,0.59,1.00
1.00,1.00,1.00,1.00,1.00,0.30,0.00
0.10,0.15,0.37,1.00,1.00,0.57,1.00
0.10,0.05,0.11,0.32,1.00,0.45,1.00
0.32,1.00,1.00,1.00,1.00,0.70,0.00
1.00,0.18,0.08,0.06,0.12,0.50,1.00
0.51,0.36,1.00,1.00,1.00,0.80,0.00
1.00,1.00,1.00,1.00,0.54,0.50,0.00
1.00,0.43,0.29,0.31,0.64,0.50,1.00
1.00,0.55,0.35,0.35,1.00,0.90,0.00
1.00,1.00,1.00,0.16,0.00,0.50,1.00
1.00,0.40,0.33,0.42,1.00,0.50,0.00
0.54,0.03,0.01,0.01,0.11,0.50,1.00
1.00,1.00,1.00,1.00,1.00,0.90,0.00
1.00,0.68,0.14,0.22,1.00,0.52,1.00
0.17,0.05,0.09,0.23,0.55,0.56,1.00
1.00,0.68,0.55,0.68,1.00,0.60,0.00
0.29,0.84,1.00,1.00,0.63,0.50,0.00
0.07,0.10,1.00,1.00,1.00,0.72,1.00
0.81,1.00,1.00,1.00,1.00,0.50,0.00
1.00,1.00,1.00,1.00,1.00,0.50,0.00
0.10,0.09,0.21,0.75,1.00,0.76,1.00
0.66,0.25,0.23,0.34,1.00,0.50,1.00
0.10,0.16,0.41,1.00,1.00,0.48,1.00
1.00,1.00,0.51,0.13,0.02,0.39,1.00
1.00,1.00,0.09,0.09,0.21,0.38,1.00
1.00,1.00,1.00,1.00,0.87,0.50,0.00
0.62,0.87,1.00,1.00,0.36,0.50,0.00
1.00,1.00,0.71,0.88,1.00,0.50,0.00
1.00,0.69,0.30,0.23,0.31,0.70,1.00
0.15,0.13,0.27,0.86,1.00,0.63,1.00
1.00,1.00,1.00,1.00,1.00,0.30,0.00
1.00,1.00,1.00,1.00,1.00,0.50,0.00
1.00,1.00,0.77,1.00,1.00,0.10,0.00
0.09,0.05,0.13,0.39,1.00,0.55,1.00
1.00,0.12,0.23,0.66,1.00,0.41,1.00
0.51,0.24,0.25,0.42,1.00,0.37,1.00
0.43,0.21,0.23,0.40,1.00,0.56,1.00
0.05,0.16,0.58,1.00,1.00,0.80,1.00
0.15,0.13,0.27,0.87,1.00,0.62,1.00
0.41,0.04,0.03,0.05,0.26,0.50,1.00
1.00,0.77,0.52,0.57,1.00,0.40,0.00
0.12,0.31,1.00,1.00,0.93,0.50,0.00
1.00,1.00,1.00,0.88,1.00,0.50,0.00
0.00,0.14,0.59,1.00,1.00,0.40,1.00
1.00,0.71,0.72,1.00,1.00,0.40,0.00
1.00,1.00,0.05,0.05,0.16,0.50,1.00
1.00,1.00,0.80,0.60,0.71,0.60,0.00
1.00,0.26,0.15,0.14,0.30,0.50,1.00
1.00,1.00,0.57,0.26,0.18,0.30,1.00
1.00,0.92,0.75,0.93,1.00,0.70,0.00
0.28,0.04,0.05,0.09,0.44,0.42,1.00
1.00,1.00,0.88,0.18,0.13,0.30,1.00
1.00,0.87,0.70,0.88,1.00,0.50,0.00
1.00,1.00,1.00,0.99,1.00,0.40,0.00
0.06,0.04,0.12,0.39,1.00,0.57,1.00
1.00,1.00,0.94,1.00,1.00,0.50,0.00
1.00,0.24,0.12,0.11,0.23,0.50,1.00
1.00,1.00,1.00,1.00,1.00,0.40,0.00
1.00,0.34,0.13,0.08,0.12,0.50,1.00
1.00,0.14,0.06,0.05,0.12,0.50,1.00
1.00,0.66,0.60,0.87,1.00,0.50,0.00
1.00,0.92,0.75,1.00,1.00,0.40,0.00
1.00,1.00,0.68,0.70,1.00,0.50,0.00
0.63,0.22,0.20,0.29,0.93,0.48,1.00
1.00,0.65,0.24,0.27,1.00,0.64,1.00
1.00,1.00,1.00,0.15,0.10,0.31,1.00
1.00,1.00,0.18,0.08,0.07,0.50,1.00
1.00,0.17,0.24,0.58,1.00,0.52,1.00
0.80,0.85,1.00,1.00,1.00,0.70,0.00
0.12,0.06,0.12,0.34,1.00,0.47,1.00
1.00,1.00,0.41,0.18,0.12,0.54,1.00
1.00,1.00,1.00,1.00,0.57,0.50,0.00
1.00,1.00,1.00,1.00,1.00,0.50,0.00
1.00,0.77,0.20,0.11,0.09,0.33,1.00
1.00,0.67,0.29,0.23,1.00,0.37,1.00
1.00,1.00,0.79,0.39,0.30,0.50,0.00
0.29,0.02,0.02,0.05,0.30,0.50,1.00
1.00,1.00,1.00,1.00,0.69,0.50,0.00
0.51,0.75,1.00,1.00,0.50,0.50,0.00
0.98,0.31,0.19,0.21,0.44,0.41,1.00
1.00,1.00,0.54,0.24,0.15,0.36,1.00
1.00,0.15,0.08,0.07,0.19,0.50,1.00
0.28,0.32,1.00,1.00,1.00,0.80,0.00
0.12,0.06,0.14,0.39,1.00,0.62,1.00
0.46,0.19,0.19,0.31,1.00,0.30,1.00
1.00,1.00,1.00,1.00,1.00,0.70,0.00
1.00,1.00,0.50,0.18,0.10,0.35,1.00
0.63,1.00,1.00,0.84,1.00,0.50,0.00
1.00,1.00,0.35,0.57,1.00,0.00,0.00
1.00,0.85,0.46,0.42,0.64,0.60,0.00
1.00,1.00,0.09,0.09,0.21,0.38,1.00
0.68,0.68,1.00,1.00,0.89,0.20,0.00
0.05,0.18,1.00,1.00,1.00,0.79,1.00
0.68,0.57,0.77,1.00,1.00,0.30,0.00
1.00,1.00,1.00,0.18,0.17,0.50,1.00
1.00,1.00,0.22,0.10,0.07,0.54,1.00
1.00,1.00,1.00,1.00,0.76,0.50,0.00
1.00,1.00,0.47,0.19,0.11,0.60,1.00
1.00,0.91,0.43,0.35,0.48,0.50,0.00
1.00,1.00,1.00,0.91,1.00,0.60,0.00
0.78,0.22,0.18,0.22,0.63,0.50,1.00
0.04,0.02,0.02,0.03,0.22,0.60,1.00
1.00,1.00,1.00,0.52,1.00,0.50,0.00
0.17,0.14,0.26,0.76,1.00,0.43,1.00
1.00,1.00,1.00,1.00,1.00,0.50,0.00
1.00,1.00,0.60,0.44,0.51,0.30,0.00
0.63,1.00,1.00,0.71,1.00,0.40,0.00
0.09,0.05,0.13,0.38,1.00,0.50,1.00
1.00,1.00,0.06,0.06,0.17,0.48,1.00
1.00,0.22,0.13,0.12,0.28,0.50,1.00
1.00,1.00,1.00,1.00,1.00,0.50,0.00
0.04,0.22,1.00,1.00,1.00,0.81,1.00
0.37,0.78,1.00,1.00,1.00,0.40,0.00
0.71,0.57,0.53,0.78,1.00,0.30,0.00
1.00,1.00,0.56,0.37,1.00,0.40,0.00
1.00,0.66,0.43,0.44,0.80,0.50,0.00
0.90,0.51,0.52,0.84,0.55,0.40,0.00
1.00,1.00,1.00,1.00,0.83,0.50,0.00
1.00,0.33,0.12,0.07,0.12,0.33,1.00
1.00,1.00,0.25,0.17,0.21,0.44,1.00
1.00,1.00,0.99,1.00,1.00,0.20,0.00
0.29,0.65,1.00,1.00,1.00,0.50,0.00
1.00,0.72,0.59,0.74,1.00,0.70,0.00
0.14,0.10,0.15,0.30,1.00,0.60,1.00
1.00,1.00,1.00,1.00,0.81,0.50,0.00
1.00,1.00,0.60,0.40,0.44,0.40,0.00
0.63,0.37,0.41,0.71,1.00,0.50,0.00
0.90,0.68,0.82,1.00,1.00,0.20,0.00
0.18,0.08,0.15,0.96,1.00,0.55,1.00
0.43,0.46,0.81,1.00,1.00,0.30,0.00
1.00,1.00,1.00,0.78,0.34,0.00,0.00
1.00,0.27,0.27,0.47,1.00,0.58,1.00
1.00,0.53,0.26,0.21,0.31,0.10,1.00
0.07,0.08,0.19,0.62,1.00,0.50,1.00
1.00,1.00,0.69,0.56,0.70,0.60,0.00
0.63,1.00,1.00,1.00,1.00,0.50,0.00
1.00,1.00,1.00,0.16,0.07,0.50,1.00
1.00,1.00,0.55,0.20,0.10,0.14,1.00
0.19,0.15,0.27,0.78,1.00,0.44,1.00
0.09,0.06,0.14,0.41,1.00,0.62,1.00
0.75,0.55,0.68,1.00,1.00,0.80,0.00
1.00,0.73,1.00,1.00,1.00,0.70,0.00
1.00,1.00,0.49,0.15,0.05,0.50,1.00
1.00,0.85,0.88,1.00,1.00,0.40,0.00
0.59,0.65,1.00,1.00,1.00,0.10,0.00
0.92,0.51,0.51,0.80,1.00,0.10,0.00
0.12,0.08,0.15,0.37,1.00,0.65,1.00
1.00,1.00,0.46,0.16,0.07,0.21,1.00
1.00,1.00,1.00,0.16,0.13,0.39,1.00
0.31,0.05,0.05,0.10,0.45,0.40,1.00
1.00,1.00,1.00,0.70,0.72,0.80,0.00
1.00,1.00,0.19,0.16,0.27,0.20,1.00
1.00,1.00,1.00,1.00,1.00,0.00,0.00
0.52,0.82,1.00,1.00,0.45,0.40,0.00
0.75,0.25,0.21,0.29,0.85,0.70,1.00
1.00,0.13,0.23,0.64,1.00,0.48,1.00
1.00,0.33,0.13,0.09,0.15,0.50,1.00
0.52,0.22,0.23,0.37,1.00,0.34,1.00
1.00,0.88,0.71,0.89,1.00,0.50,0.00
1.00,1.00,0.90,0.46,0.38,0.50,0.00
1.00,1.00,0.69,0.86,1.00,0.90,0.00
0.37,0.06,0.06,0.09,0.39,0.40,1.00
1.00,1.00,1.00,0.21,0.05,0.42,1.00
0.94,0.44,0.41,0.59,0.81,0.40,0.00
1.00,1.00,0.66,0.64,1.00,0.90,0.00
1.00,0.19,0.19,1.00,1.00,0.80,1.00
1.00,0.20,0.25,0.53,1.00,0.58,1.00
0.24,1.00,1.00,1.00,1.00,1.00,0.00
1.00,1.00,0.22,0.12,0.12,0.59,1.00
1.00,0.89,0.43,0.35,0.49,0.50,0.00
1.00,1.00,1.00,1.00,1.00,0.50,0.00
1.00,0.68,0.56,0.73,1.00,0.40,0.00
0.22,0.05,0.08,0.19,0.49,0.52,1.00
1.00,1.00,1.00,1.00,1.00,0.60,0.00
1.00,0.23,0.23,0.70,1.00,0.75,1.00
1.00,0.44,0.27,0.26,0.48,0.70,1.00
1.00,1.00,1.00,1.00,1.00,0.60,0.00
1.00,0.37,0.31,0.40,1.00,0.60,0.00
1.00,1.00,1.00,1.00,0.56,0.90,0.00
1.00,0.53,0.25,0.20,0.29,0.16,1.00
1.00,0.89,0.77,1.00,1.00,0.60,0.00
1.00,1.00,1.00,1.00,1.00,0.60,0.00
1.00,1.00,1.00,1.00,1.00,0.50,0.00
1.00,1.00,0.40,0.15,0.07,0.30,1.00
1.00,0.37,0.29,0.38,1.00,0.61,1.00
0.73,1.00,1.00,1.00,0.24,0.90,0.00
1.00,0.55,0.27,0.22,0.33,0.36,1.00
0.29,0.03,0.02,0.06,0.31,0.40,1.00
1.00,0.33,0.24,0.29,1.00,0.03,1.00
0.35,0.22,0.15,0.13,0.29,0.58,1.00
1.00,0.84,0.68,0.84,1.00,0.50,0.00
0.06,0.07,0.19,0.66,1.00,0.63,1.00
0.50,0.36,0.45,0.97,1.00,0.50,0.00
1.00,0.87,0.70,0.88,1.00,0.50,0.00
0.29,1.00,1.00,1.00,1.00,0.60,0.00
1.00,1.00,0.69,0.40,0.37,1.00,0.00
1.00,0.53,0.33,0.34,0.63,0.90,0.00
1.00,1.00,1.00,0.92,1.00,0.40,0.00
0.71,1.00,1.00,0.86,1.00,0.50,0.00
0.76,0.24,0.20,0.26,0.77,0.50,1.00
1.00,1.00,1.00,1.00,0.43,0.60,0.00
0.91,0.14,0.08,0.07,0.19,0.50,1.00
0.54,1.00,1.00,1.00,1.00,0.60,0.00
1.00,1.00,0.06,0.06,0.17,0.48,1.00
0.65,0.69,1.00,1.00,1.00,0.30,0.00
0.26,0.09,0.13,0.28,0.45,0.36,1.00
0.39,1.00,1.00,0.98,0.53,0.10,0.00
1.00,1.00,1.00,1.00,1.00,0.50,0.00
0.48,0.70,1.00,1.00,1.00,0.10,0.00
0.02,0.12,0.51,1.00,1.00,0.73,1.00
1.00,0.53,0.24,0.19,0.28,0.50,1.00
0.09,0.10,0.25,0.94,1.00,0.44,1.00
1.00,0.40,0.24,0.23,0.44,0.58,1.00
1.00,1.00,0.63,1.00,1.00,0.30,0.00
0.05,0.08,0.23,1.00,1.00,0.30,1.00
1.00,1.00,0.08,0.08,0.20,0.41,1.00
1.00,1.00,1.00,1.00,0.74,0.30,0.00
1.00,1.00,1.00,0.80,1.00,0.50,0.00
1.00,1.00,1.00,1.00,1.00,0.90,0.00
1.00,1.00,0.49,0.30,0.30,0.50,0.00
1.00,0.20,0.09,0.07,0.13,0.50,1.00
1.00,0.33,0.20,0.21,0.41,0.44,1.00
0.29,0.03,0.02,0.06,0.31,0.40,1.00
1.00,1.00,1.00,1.00,1.00,0.70,0.00
0.97,1.00,1.00,1.00,1.00,0.60,0.00
1.00,1.00,0.23,0.12,0.11,0.47,1.00
0.78,0.89,1.00,1.00,1.00,0.50,0.00
1.00,0.62,0.16,0.23,1.00,0.43,1.00
0.48,0.19,0.19,0.30,1.00,0.30,1.00
1.00,0.86,0.70,0.87,1.00,0.30,0.00
0.51,0.25,0.27,0.47,1.00,0.40,1.00
1.00,1.00,1.00,1.00,1.00,0.30,0.00
0.54,1.00,1.00,1.00,1.00,0.30,0.00
1.00,1.00,0.46,0.18,0.10,0.60,1.00
1.00,0.12,0.23,0.66,1.00,0.40,1.00
1.00,0.41,0.25,0.25,0.46,0.62,1.00
1.00,1.00,0.85,1.00,1.00,0.50,0.00
1.00,0.39,0.25,0.25,0.48,0.50,1.00
0.09,0.06,0.14,0.41,1.00,0.62,1.00
0.52,1.00,1.00,0.92,0.41,0.40,0.00
1.00,0.28,0.11,0.07,0.13,0.50,1.00
1.00,1.00,1.00,0.80,0.84,0.20,0.00
0.00,0.11,0.51,1.00,1.00,0.30,1.00
1.00,1.00,0.06,0.06,0.17,0.48,1.00
0.82,0.06,0.02,0.02,0.10,0.50,1.00
0.42,0.01,0.00,0.00,0.12,0.50,1.00
0.21,0.46,0.85,1.00,1.00,0.50,0.00
0.13,0.10,0.21,0.54,1.00,0.56,1.00
1.00,1.00,0.56,0.50,0.41,0.00,0.00
1.00,1.00,1.00,0.80,0.84,0.50,0.00
1.00,0.99,0.30,0.16,0.14,0.71,1.00
0.07,0.09,0.25,1.00,1.00,0.42,1.00
1.00,0.96,0.22,0.12,0.11,0.77,1.00
0.32,0.89,1.00,1.00,0.59,0.50,0.00
0.90,0.22,0.22,0.84,1.00,0.72,1.00
1.00,0.86,0.69,1.00,1.00,0.40,0.00
0.35,0.04,0.04,0.07,0.32,0.50,1.00
0.28,1.00,1.00,1.00,0.82,0.40,0.00
1.00,0.96,0.23,0.11,0.10,0.80,1.00
0.11,0.10,0.21,0.60,1.00,0.50,1.00
1.00,1.00,0.15,0.11,1.00,0.52,1.00
0.46,0.23,0.25,0.43,1.00,0.49,1.00
1.00,1.00,0.16,0.10,1.00,0.45,1.00
0.10,0.16,0.41,1.00,1.00,0.52,1.00
1.00,0.16,0.07,0.05,0.12,0.50,1.00
1.00,1.00,0.81,0.71,0.98,0.20,0.00
0.19,0.19,0.41,0.55,0.54,0.51,1.00
0.46,0.61,1.00,1.00,0.69,0.90,0.00
1.00,0.96,0.23,0.12,0.10,0.78,1.00
1.00,1.00,0.93,0.83,1.00,0.30,0.00
0.73,1.00,1.00,0.53,0.26,0.60,0.00
0.32,0.14,0.16,0.30,1.00,0.80,1.00
1.00,0.72,0.58,0.73,1.00,0.50,0.00
1.00,0.51,0.22,0.17,0.23,0.33,1.00
0.14,0.14,0.29,0.91,1.00,0.70,1.00
0.06,0.20,0.65,0.68,0.96,0.56,1.00
0.88,1.00,1.00,1.00,1.00,0.10,0.00
1.00,1.00,1.00,0.73,0.54,0.40,0.00
1.00,0.62,0.65,1.00,1.00,0.00,0.00
0.64,1.00,1.00,1.00,0.28,0.50,0.00
0.42,0.92,1.00,1.00,1.00,0.90,0.00
1.00,1.00,0.54,0.33,0.31,0.50,0.00
0.46,1.00,1.00,1.00,1.00,0.30,0.00
1.00,1.00,1.00,0.21,0.05,0.42,1.00
1.00,0.88,0.84,1.00,1.00,0.50,0.00
0.94,0.39,0.35,0.48,1.00,0.70,0.00
1.00,0.99,0.70,0.79,1.00,0.40,0.00
1.00,1.00,1.00,0.37,0.35,0.50,0.00
1.00,1.00,0.35,0.16,0.12,0.55,1.00
0.14,0.12,0.24,0.75,1.00,0.42,1.00
1.00,1.00,0.23,0.11,0.08,0.27,1.00
1.00,0.69,0.23,0.16,0.17,0.50,1.00
1.00,0.28,0.25,0.35,1.00,0.52,1.00
1.00,0.29,0.11,0.07,0.12,0.38,1.00
1.00,0.69,0.56,0.70,1.00,0.50,0.00
0.10,0.10,0.25,0.93,1.00,0.46,1.00
1.00,0.24,0.13,0.12,0.24,0.50,1.00
1.00,0.84,0.68,0.84,1.00,0.50,0.00
1.00,1.00,0.68,1.00,1.00,0.30,0.00
1.00,0.88,0.71,0.89,1.00,0.50,0.00
0.91,0.47,0.46,0.70,1.00,0.30,0.00
1.00,1.00,1.00,0.55,0.37,0.60,0.00
1.00,0.76,0.62,1.00,1.00,0.40,0.00
0.16,0.07,0.13,0.31,0.55,0.55,1.00
1.00,0.86,0.69,0.87,1.00,0.50,0.00
0.70,0.58,0.80,1.00,1.00,0.30,0.00
1.00,1.00,0.05,0.05,0.16,0.49,1.00
0.40,0.17,0.19,0.32,1.00,0.30,1.00
1.00,1.00,1.00,1.00,0.70,0.50,0.00
1.00,1.00,0.61,0.59,0.95,0.80,0.00
1.00,1.00,1.00,0.74,1.00,0.40,0.00
1.00,1.00,0.31,0.11,0.04,0.45,1.00
1.00,1.00,0.46,0.13,0.03,0.53,1.00
0.02,0.09,0.39,1.00,1.00,0.56,1.00
0.14,0.12,0.26,0.88,1.00,0.59,1.00
0.22,0.42,1.00,1.00,1.00,0.40,0.00
0.22,1.00,1.00,1.00,1.00,0.10,0.00
1.00,1.00,1.00,1.00,1.00,0.50,0.00
0.39,0.60,1.00,1.00,0.66,0.50,0.00
1.00,0.38,0.22,0.22,0.42,0.53,1.00
0.43,0.27,0.34,0.68,1.00,0.70,0.00
0.25,0.38,1.00,1.00,1.00,0.20,0.00
0.06,0.08,0.19,0.63,1.00,0.50,1.00
1.00,1.00,1.00,0.21,0.03,0.40,1.00
1.00,1.00,0.94,1.00,1.00,0.50,0.00
1.00,0.60,0.25,0.19,0.25,0.27,1.00
1.00,1.00,0.93,1.00,1.00,0.50,0.00
1.00,1.00,1.00,1.00,0.86,0.20,0.00
1.00,1.00,0.79,0.59,0.70,1.00,0.00
0.94,0.58,0.60,1.00,1.00,0.40,0.00
1.00,0.56,0.27,0.22,0.34,0.50,1.00
1.00,1.00,1.00,1.00,1.00,0.40,0.00
1.00,1.00,1.00,1.00,1.00,0.50,0.00
0.52,1.00,1.00,0.90,1.00,0.30,0.00
0.64,1.00,1.00,0.90,1.00,0.40,0.00
0.13,0.21,0.60,0.55,0.77,0.76,1.00
0.14,0.11,0.23,0.57,1.00,0.50,1.00
0.66,0.39,1.00,1.00,1.00,0.20,0.00
1.00,0.90,0.73,0.90,1.00,0.40,0.00
1.00,1.00,0.76,0.21,0.15,0.30,1.00
1.00,0.55,0.26,0.21,0.31,0.16,1.00
1.00,1.00,0.45,0.16,0.08,0.60,1.00
0.34,1.00,1.00,0.89,0.62,0.60,0.00
0.27,0.47,0.88,0.88,1.00,0.60,0.00
0.27,0.06,0.08,0.17,0.47,0.49,1.00
0.88,1.00,1.00,0.41,0.22,0.40,0.00
1.00,1.00,1.00,1.00,1.00,0.50,0.00
0.35,0.94,1.00,1.00,1.00,0.50,0.00
0.29,0.02,0.02,0.05,0.30,0.42,1.00
1.00,0.75,0.76,1.00,1.00,0.80,0.00
1.00,0.71,0.58,0.72,1.00,0.50,0.00
0.16,0.06,0.11,0.26,1.00,0.47,1.00
1.00,1.00,1.00,1.00,1.00,0.50,0.00
1.00,1.00,1.00,1.00,1.00,0.90,0.00
0.17,0.06,0.12,0.26,1.00,0.52,1.00
0.13,0.19,0.49,0.56,0.84,0.68,1.00
1.00,0.39,0.15,0.09,0.13,0.36,1.00
1.00,0.42,0.30,0.34,0.75,0.50,0.00
1.00,0.87,0.71,0.88,1.00,0.40,0.00
1.00,0.31,0.19,0.20,0.42,0.40,1.00
1.00,1.00,0.18,0.08,0.06,0.50,1.00
1.00,0.97,1.00,1.00,1.00,0.50,0.00
0.05,0.21,0.98,1.00,1.00,0.80,1.00
1.00,0.18,0.23,0.45,1.00,0.95,1.00
1.00,0.91,0.73,0.91,1.00,0.30,0.00
0.86,0.30,0.22,0.25,0.64,0.50,1.00
1.00,1.00,1.00,0.16,0.04,0.50,1.00
0.27,0.05,0.06,0.13,0.64,0.40,1.00
0.44,0.19,0.20,0.34,1.00,0.34,1.00
0.31,0.03,0.03,0.07,0.33,0.50,1.00
1.00,0.25,0.26,0.43,1.00,0.53,1.00
1.00,0.86,0.18,0.07,0.05,0.36,1.00
0.14,0.23,0.62,0.58,0.76,0.77,1.00
0.33,0.04,0.04,0.07,0.36,0.40,1.00
0.34,1.00,1.00,1.00,1.00,0.50,0.00
1.00,0.44,0.27,0.26,0.48,0.70,1.00
1.00,0.26,0.26,0.42,1.00,0.65,1.00
1.00,1.00,1.00,1.00,1.00,0.50,0.00
0.09,0.22,0.66,0.60,0.88,0.67,1.00
1.00,1.00,1.00,1.00,0.22,0.10,0.00
0.42,0.17,0.18,0.30,1.00,0.55,1.00
0.21,1.00,1.00,1.00,1.00,0.60,0.00
1.00,0.31,0.19,0.21,0.42,0.40,1.00
1.00,1.00,1.00,1.00,0.90,0.70,0.00
1.00,0.26,0.14,0.14,0.29,0.50,1.00
0.08,0.08,1.00,1.00,1.00,0.70,1.00
0.92,0.66,0.77,0.61,0.46,0.90,0.00
0.47,0.35,0.46,1.00,1.00,0.50,0.00
0.16,0.14,0.27,0.85,1.00,0.67,1.00
0.98,0.20,0.11,0.11,0.25,0.50,1.00
1.00,1.00,0.97,0.83,1.00,0.70,0.00
1.00,0.36,0.24,0.30,1.00,0.01,1.00
0.48,0.82,1.00,1.00,1.00,0.50,0.00
0.32,0.04,0.04,0.08,0.41,0.40,1.00
0.66,0.24,0.22,0.31,1.00,0.50,1.00
1.00,1.00,1.00,0.15,0.01,0.48,1.00
0.43,0.21,0.23,0.40,1.00,0.56,1.00
0.14,0.27,0.81,1.00,1.00,0.50,0.00
1.00,1.00,1.00,0.90,1.00,0.60,0.00
0.32,0.05,0.06,0.11,0.53,0.40,1.00
1.00,1.00,1.00,1.00,1.00,0.40,0.00
0.35,0.39,0.73,1.00,1.00,0.50,0.00
1.00,1.00,1.00,1.00,1.00,0.70,0.00
0.19,0.16,0.28,0.84,1.00,0.65,1.00
1.00,1.00,0.09,0.08,0.20,0.38,1.00
0.48,0.05,0.04,0.05,0.24,0.50,1.00
1.00,0.18,0.21,0.67,1.00,0.92,1.00
1.00,1.00,1.00,0.84,1.00,0.50,0.00
0.12,0.23,0.65,0.55,0.73,0.80,1.00
0.33,0.54,1.00,1.00,0.73,0.50,0.00
0.13,0.36,0.52,1.00,1.00,0.50,0.00
0.65,1.00,1.00,0.64,0.30,0.80,0.00
0.33,0.04,0.03,0.07,0.32,0.50,1.00
1.00,1.00,0.66,0.37,0.33,0.50,0.00
1.00,0.42,0.69,1.00,1.00,0.70,0.00
1.00,1.00,1.00,0.97,1.00,0.50,0.00
0.35,1.00,1.00,1.00,1.00,0.40,0.00
1.00,1.00,1.00,1.00,1.00,0.50,0.00
0.05,0.03,0.11,0.37,1.00,0.50,1.00
0.12,0.45,1.00,1.00,1.00,0.70,0.00
1.00,1.00,1.00,0.84,0.30,0.50,0.00
1.00,0.25,0.14,0.13,0.29,0.50,1.00
0.04,0.08,0.29,1.00,1.00,0.39,1.00
0.93,1.00,1.00,0.35,0.17,0.80,0.00
1.00,0.52,0.26,0.22,0.33,0.17,1.00
1.00,0.17,0.23,0.45,1.00,1.00,1.00
1.00,1.00,1.00,0.15,0.10,0.30,1.00
0.62,1.00,1.00,0.68,0.32,0.50,0.00
0.34,1.00,1.00,0.90,0.62,0.30,0.00
1.00,0.93,0.20,0.08,0.06,0.59,1.00
1.00,0.50,0.31,0.31,1.00,0.46,1.00
1.00,1.00,1.00,0.15,0.06,0.39,1.00
1.00,1.00,1.00,1.00,1.00,0.50,0.00
0.53,0.20,0.19,0.30,1.00,0.30,1.00
0.90,1.00,1.00,1.00,0.19,0.00,0.00
1.00,0.21,0.11,0.09,0.19,0.50,1.00
1.00,1.00,1.00,1.00,1.00,1.00,0.00
0.07,0.10,1.00,1.00,1.00,0.72,1.00
1.00,0.73,0.59,0.74,1.00,0.50,0.00
1.00,0.64,0.55,0.73,1.00,0.50,0.00
0.08,0.04,0.13,0.41,1.00,0.61,1.00
1.00,0.32,0.13,0.09,0.17,0.36,1.00
0.59,0.35,0.39,0.69,1.00,0.20,0.00
0.14,0.04,0.09,0.21,1.00,0.57,1.00
0.27,0.01,0.01,0.04,0.28,0.46,1.00
0.14,0.04,0.08,0.20,1.00,0.59,1.00
0.18,0.10,0.19,0.92,1.00,0.59,1.00
0.06,0.08,0.19,0.63,1.00,0.50,1.00
1.00,1.00,1.00,1.00,0.50,0.60,0.00
1.00,1.00,1.00,0.66,0.70,0.50,0.00
1.00,1.00,1.00,1.00,0.80,1.00,0.00
0.07,0.21,0.67,0.62,0.96,0.60,1.00
1.00,1.00,0.97,0.78,0.97,0.60,0.00
1.00,0.49,0.20,0.15,0.20,0.43,1.00
1.00,1.00,1.00,0.17,0.40,0.50,1.00
1.00,1.00,0.51,0.12,0.00,0.40,1.00
0.77,0.23,0.19,0.25,0.72,0.50,1.00
0.22,0.19,0.35,0.87,1.00,0.54,1.00
1.00,0.71,0.28,0.21,1.00,0.34,1.00
0.27,0.05,0.06,0.13,0.64,0.40,1.00
1.00,1.00,1.00,1.00,1.00,0.50,0.00
1.00,1.00,0.29,0.10,0.03,0.50,1.00
1.00,1.00,0.51,0.22,0.14,0.48,1.00
1.00,1.00,1.00,0.15,0.02,0.45,1.00
0.72,1.00,1.00,1.00,0.21,0.10,0.00
1.00,1.00,1.00,1.00,0.99,0.60,0.00
1.00,0.84,0.68,0.84,1.00,0.50,0.00
0.78,0.07,0.03,0.03,0.14,0.59,1.00
0.41,0.64,1.00,1.00,0.94,0.50,0.00
1.00,1.00,0.54,0.18,0.08,0.10,1.00
1.00,0.75,0.23,0.14,0.16,0.44,1.00
1.00,1.00,0.49,0.22,0.16,0.38,1.00
1.00,1.00,0.12,0.35,1.00,0.74,1.00
1.00,1.00,0.08,0.08,0.21,0.40,1.00
0.47,0.19,0.19,0.31,1.00,0.30,1.00
0.30,1.00,1.00,1.00,1.00,0.60,0.00
1.00,1.00,0.23,0.12,0.11,0.60,1.00
1.00,1.00,0.24,0.07,1.00,0.10,1.00
1.00,1.00,1.00,1.00,1.00,0.50,0.00
1.00,1.00,1.00,1.00,1.00,0.60,0.00
1.00,1.00,1.00,1.00,0.87,0.50,0.00
1.00,0.49,0.20,0.14,0.19,0.44,1.00
0.42,1.00,1.00,0.94,0.62,0.50,0.00
1.00,1.00,0.56,0.39,0.43,0.30,0.00
1.00,0.33,0.24,0.29,1.00,0.00,1.00
1.00,1.00,1.00,1.00,1.00,0.50,0.00
0.22,0.42,1.00,1.00,0.86,0.50,0.00
0.16,1.00,1.00,1.00,1.00,0.10,0.00
1.00,1.00,1.00,1.00,1.00,0.90,0.00
1.00,1.00,0.76,0.44,0.42,0.80,0.00
0.00,0.10,0.46,1.00,1.00,0.67,1.00
1.00,0.92,0.75,0.93,1.00,0.30,0.00
1.00,1.00,1.00,0.21,0.03,0.40,1.00
1.00,0.43,0.28,0.30,0.60,0.55,1.00
1.00,0.37,0.63,1.00,1.00,0.60,0.00
0.76,0.64,0.85,1.00,1.00,0.20,0.00
1.00,1.00,1.00,1.00,1.00,0.60,0.00
0.26,0.08,0.11,0.25,0.58,0.37,1.00
0.11,0.11,0.25,0.93,1.00,0.48,1.00
1.00,0.41,0.33,0.43,1.00,0.50,0.00
1.00,0.19,0.11,0.10,0.24,0.50,1.00
0.19,0.08,0.13,0.98,1.00,0.52,1.00
0.81,1.00,1.00,0.46,0.25,0.50,0.00
1.00,1.00,1.00,0.89,0.54,0.90,0.00
1.00,1.00,1.00,0.48,1.00,0.80,0.00
0.04,0.20,1.00,1.00,1.00,0.81,1.00
0.34,0.29,0.44,1.00,1.00,0.70,0.00
1.00,0.29,0.18,0.18,0.38,0.43,1.00
1.00,0.26,0.11,0.07,0.13,0.50,1.00
0.33,0.04,0.04,0.07,0.36,0.40,1.00
0.52,0.21,0.20,0.32,1.00,0.31,1.00
1.00,1.00,0.57,0.25,0.17,0.27,1.00
1.00,1.00,0.87,1.00,1.00,0.50,0.00
0.12,0.75,1.00,1.00,1.00,0.10,0.00
0.66,0.06,0.02,0.02,0.10,0.50,1.00
0.27,0.24,0.40,1.00,1.00,0.90,0.00
0.43,1.00,1.00,1.00,1.00,0.80,0.00
0.35,0.64,1.00,1.00,1.00,0.50,0.00
0.33,0.04,0.04,0.07,0.35,0.48,1.00
0.73,1.00,1.00,1.00,1.00,0.60,0.00
0.68,0.96,1.00,1.00,0.28,0.70,0.00
1.00,0.84,0.68,0.85,1.00,1.00,0.00
1.00,0.69,0.30,0.23,0.31,0.68,1.00
0.46,1.00,1.00,0.90,0.48,0.20,0.00
1.00,0.36,0.22,0.21,0.41,0.50,1.00
1.00,1.00,0.69,1.00,1.00,0.60,0.00
1.00,1.00,0.95,0.99,1.00,0.50,0.00
0.88,1.00,1.00,1.00,1.00,0.50,0.00
1.00,1.00,1.00,0.60,1.00,0.30,0.00
0.64,0.38,0.43,1.00,1.00,1.00,0.00
0.25,0.76,1.00,1.00,1.00,0.50,0.00
1.00,1.00,1.00,0.19,0.13,0.48,1.00
1.00,0.90,0.22,0.11,0.09,0.24,1.00
1.00,1.00,0.89,1.00,1.00,0.00,0.00
1.00,0.63,0.66,1.00,1.00,0.50,0.00
1.00,1.00,0.91,0.66,0.74,0.50,0.00
1.00,0.89,1.00,1.00,1.00,0.60,0.00
0.36,0.04,0.03,0.06,0.29,0.50,1.00
0.21,0.08,0.12,0.27,1.00,0.50,1.00
0.25,0.00,0.01,0.03,0.26,0.50,1.00
1.00,0.42,0.28,0.29,0.59,0.50,1.00
1.00,0.23,0.08,0.05,0.11,0.39,1.00
1.00,0.34,0.25,0.29,1.00,0.04,1.00
1.00,0.29,0.17,0.17,0.36,0.45,1.00
1.00,0.91,0.73,0.91,1.00,0.60,0.00
1.00,0.69,0.30,0.23,0.31,0.70,1.00
0.28,0.27,0.28,0.34,0.85,0.50,0.00
0.67,1.00,1.00,1.00,1.00,1.00,0.00
0.24,0.18,0.29,0.86,1.00,0.50,1.00
1.00,0.64,1.00,1.00,1.00,0.50,0.00
1.00,1.00,0.08,0.08,0.21,0.39,1.00
1.00,1.00,0.20,0.16,0.26,0.24,1.00
0.28,0.04,0.05,0.10,0.47,0.40,1.00
0.62,1.00,1.00,1.00,1.00,0.50,0.00
1.00,1.00,1.00,1.00,0.91,0.50,0.00
1.00,0.73,0.35,0.30,0.43,1.00,0.00
1.00,0.43,0.38,0.51,1.00,0.50,0.00
1.00,0.40,0.27,0.30,1.00,0.19,1.00
0.17,0.05,0.10,0.23,0.59,0.56,1.00
0.19,0.17,0.31,0.90,1.00,0.58,1.00
1.00,1.00,1.00,1.00,1.00,0.50,0.00
0.77,0.22,0.18,0.23,0.65,0.52,1.00
1.00,1.00,0.38,0.17,0.11,0.47,1.00
1.00,1.00,0.31,0.17,0.15,0.70,1.00
0.62,0.90,1.00,1.00,0.35,0.20,0.00
0.62,1.00,0.81,0.98,1.00,0.60,0.00
1.00,1.00,1.00,0.16,0.22,0.50,1.00
1.00,0.55,1.00,1.00,1.00,0.30,0.00
1.00,0.53,0.26,0.21,0.32,0.11,1.00
0.08,0.11,0.28,1.00,1.00,0.55,1.00
0.03,0.12,0.46,1.00,1.00,0.65,1.00
1.00,1.00,1.00,1.00,0.77,0.20,0.00
0.88,1.00,1.00,1.00,1.00,0.40,0.00
1.00,0.80,0.25,0.56,1.00,0.21,1.00
0.74,0.06,0.02,0.02,0.10,0.50,1.00
1.00,1.00,1.00,1.00,1.00,0.20,0.00
0.63,1.00,1.00,0.66,0.72,0.40,0.00
1.00,0.92,0.41,0.30,0.34,0.30,0.00
0.50,0.20,0.19,0.30,1.00,0.30,1.00
1.00,0.15,0.23,0.53,1.00,0.78,1.00
1.00,0.48,0.26,0.24,0.41,0.46,1.00
0.63,0.66,1.00,1.00,0.73,0.50,0.00
0.02,0.28,0.96,1.00,1.00,0.89,1.00
0.52,0.24,0.24,0.40,1.00,0.36,1.00
0.31,0.43,0.47,0.78,1.00,0.50,0.00
1.00,1.00,1.00,1.00,0.70,0.30,0.00
0.76,1.00,1.00,1.00,1.00,0.50,0.00
0.06,1.00,1.00,1.00,1.00,0.20,0.00
1.00,1.00,1.00,0.17,0.11,0.50,1.00
0.78,0.22,0.18,0.22,0.64,0.50,1.00
0.07,0.10,0.27,1.00,1.00,0.49,1.00
1.00,0.14,0.23,0.58,1.00,0.65,1.00
1.00,1.00,0.33,0.13,0.07,0.50,1.00
0.55,0.21,0.20,0.30,1.00,0.33,1.00
1.00,1.00,1.00,1.00,1.00,0.60,0.00
1.00,1.00,0.44,0.14,0.05,0.60,1.00
0.25,0.19,0.31,0.84,1.00,0.50,1.00
0.23,0.16,0.26,0.88,1.00,0.50,1.00
1.00,1.00,1.00,1.00,1.00,0.70,0.00
1.00,1.00,1.00,1.00,1.00,0.30,0.00
0.77,0.06,0.02,0.02,0.10,0.50,1.00
0.17,0.07,0.11,0.26,1.00,0.40,1.00
1.00,0.29,0.25,0.37,1.00,0.25,1.00
1.00,1.00,0.85,0.90,1.00,0.70,0.00
0.18,0.54,1.00,1.00,0.75,0.70,0.00
0.64,0.37,0.41,0.72,1.00,0.50,0.00
1.00,0.28,0.25,0.37,1.00,0.55,1.00
0.82,0.06,0.02,0.02,0.10,0.50,1.00
1.00,0.30,0.18,0.19,0.38,0.43,1.00
0.34,0.05,0.04,0.08,0.37,0.40,1.00
0.25,0.00,0.01,0.03,0.26,0.50,1.00
1.00,0.92,1.00,1.00,1.00,0.50,0.00
1.00,0.97,0.78,0.98,1.00,0.10,0.00
0.09,0.05,0.13,0.38,1.00,0.50,1.00
1.00,0.43,0.28,0.30,1.00,0.46,1.00
1.00,0.25,0.27,0.45,1.00,0.68,1.00
1.00,1.00,0.21,0.09,0.06,0.52,1.00
0.52,0.76,0.50,0.52,0.93,0.70,0.00
0.57,0.21,0.20,0.29,0.97,0.38,1.00
0.11,0.07,0.15,0.40,1.00,0.68,1.00
0.72,1.00,1.00,0.58,0.22,0.20,0.00
0.41,0.73,1.00,1.00,1.00,0.50,0.00
0.01,0.10,0.46,1.00,1.00,0.70,1.00
0.03,0.12,0.48,1.00,1.00,0.36,1.00
0.38,0.06,0.05,0.08,0.36,0.44,1.00
1.00,0.29,0.25,0.35,1.00,0.52,1.00
1.00,0.66,0.29,0.23,0.31,0.58,1.00
1.00,0.91,0.16,0.06,0.04,0.41,1.00
1.00,1.00,1.00,1.00,1.00,0.20,0.00
1.00,1.00,1.00,1.00,0.77,0.30,0.00
1.00,1.00,0.50,0.12,0.01,0.42,1.00
0.10,0.02,0.02,0.04,0.24,0.55,1.00
1.00,0.95,1.00,1.00,1.00,0.50,0.00
1.00,0.82,0.14,0.21,1.00,0.82,1.00
1.00,1.00,1.00,0.93,0.98,0.50,0.00
1.00,1.00,0.55,0.25,0.17,0.60,0.00
1.00,0.72,0.22,0.14,0.15,0.45,1.00
0.34,0.04,0.04,0.07,0.32,0.50,1.00
1.00,1.00,1.00,1.00,1.00,0.70,0.00
1.00,1.00,1.00,1.00,0.43,0.80,0.00
0.79,1.00,1.00,1.00,1.00,0.30,0.00
1.00,0.97,0.63,0.66,1.00,0.60,0.00
1.00,1.00,1.00,1.00,1.00,0.50,0.00
0.28,0.00,0.01,0.03,0.24,0.50,1.00
1.00,1.00,0.27,0.09,0.03,0.50,1.00
1.00,0.33,0.13,0.09,0.15,0.50,1.00
0.70,0.27,0.24,0.35,0.92,0.61,1.00
1.00,1.00,1.00,1.00,1.00,0.50,0.00
1.00,1.00,1.00,0.91,1.00,0.20,0.00
1.00,0.38,0.31,0.39,1.00,0.50,0.00
1.00,1.00,1.00,1.00,1.00,0.20,0.00
0.40,0.05,0.04,0.07,0.30,0.50,1.00
1.00,0.79,1.00,1.00,0.45,0.20,0.00
0.96,1.00,1.00,1.00,1.00,0.70,0.00
0.71,1.00,1.00,0.58,0.31,0.50,0.00
0.10,0.09,0.22,0.75,1.00,0.69,1.00
1.00,1.00,0.57,0.47,0.63,0.20,0.00
1.00,1.00,1.00,0.84,0.89,0.40,0.00
1.00,1.00,0.21,0.08,0.04,0.50,1.00
1.00,0.97,0.25,0.13,0.11,0.78,1.00
0.06,0.08,0.19,0.64,1.00,0.52,1.00
1.00,0.65,0.52,0.66,1.00,0.50,0.00
0.27,0.62,1.00,1.00,1.00,0.40,0.00
1.00,1.00,1.00,1.00,1.00,0.50,0.00
1.00,1.00,0.28,0.10,0.04,0.44,1.00
1.00,0.73,0.60,0.75,1.00,0.50,0.00
1.00,0.40,0.25,0.26,0.50,0.50,1.00
1.00,1.00,1.00,1.00,1.00,0.40,0.00
0.13,0.23,0.64,0.56,0.74,0.79,1.00
0.14,0.05,0.10,0.26,0.57,0.60,1.00
1.00,1.00,0.13,0.12,0.23,0.32,1.00
1.00,1.00,0.68,1.00,1.00,0.40,0.00
1.00,1.00,1.00,1.00,1.00,0.50,0.00
1.00,1.00,0.51,0.18,0.09,0.33,1.00
1.00,1.00,0.58,0.52,0.76,0.50,0.00
1.00,0.76,0.60,0.74,0.90,0.70,0.00
0.28,0.54,1.00,1.00,1.00,0.50,0.00
0.11,1.00,1.00,1.00,1.00,0.50,0.00
1.00,0.82,1.00,1.00,1.00,0.80,0.00
0.00,0.10,0.48,1.00,1.00,0.70,1.00
0.32,0.10,0.13,0.27,0.40,0.36,1.00
1.00,0.98,1.00,1.00,0.48,0.20,0.00
0.89,1.00,1.00,0.35,0.15,0.60,0.00
0.69,0.27,0.25,0.36,0.93,0.59,1.00
1.00,0.91,0.17,0.06,0.03,0.40,1.00
1.00,1.00,1.00,1.00,1.00,0.60,0.00
0.15,0.09,0.14,0.30,1.00,0.58,1.00
0.18,0.44,0.90,1.00,1.00,0.60,0.00
0.02,0.14,0.56,0.89,0.99,0.39,1.00
1.00,0.35,0.13,0.08,0.12,0.38,1.00
1.00,1.00,0.72,0.38,0.31,0.50,0.00
1.00,0.38,0.14,0.08,0.12,0.47,1.00
0.37,0.36,1.00,1.00,1.00,0.30,0.00
0.81,0.84,1.00,1.00,1.00,0.50,0.00
0.12,0.11,0.22,0.60,1.00,0.50,1.00
1.00,0.86,0.69,0.86,1.00,0.40,0.00
1.00,0.52,0.31,0.31,1.00,0.50,1.00
0.32,0.04,0.04,0.07,0.35,0.50,1.00
0.15,0.05,0.10,0.23,1.00,0.54,1.00
1.00,1.00,1.00,1.00,1.00,0.50,0.00
1.00,1.00,0.89,0.51,0.47,0.30,0.00
0.00,0.10,0.48,1.00,1.00,0.65,1.00
1.00,1.00,0.25,0.68,1.00,0.30,1.00
1.00,1.00,1.00,1.00,0.97,0.20,0.00
0.56,1.00,1.00,1.00,1.00,0.50,0.00
1.00,1.00,1.00,0.79,0.80,0.30,0.00
1.00,0.24,0.10,0.07,0.13,0.45,1.00
0.33,0.04,0.04,0.07,0.36,0.40,1.00
0.02,0.29,1.00,1.00,1.00,0.90,1.00
0.80,0.06,0.03,0.02,0.12,0.53,1.00
1.00,0.31,0.23,0.29,1.00,0.40,1.00
0.13,0.11,0.23,0.59,1.00,0.50,1.00
0.93,1.00,1.00,1.00,1.00,0.50,0.00
0.13,0.06,0.13,0.35,1.00,0.55,1.00
0.22,0.05,0.07,0.17,0.52,0.49,1.00
1.00,1.00,1.00,0.34,0.23,0.50,0.00
0.68,0.52,0.65,1.00,1.00,0.00,0.00
1.00,0.68,0.75,1.00,1.00,0.00,0.00
1.00,1.00,1.00,1.00,1.00,0.30,0.00
1.00,0.08,0.03,0.02,0.10,0.50,1.00
1.00,1.00,1.00,0.59,0.58,0.50,0.00
1.00,1.00,0.52,0.35,0.38,0.50,0.00
1.00,0.51,0.22,0.17,0.24,0.31,1.00
0.71,1.00,1.00,0.58,1.00,0.50,0.00
0.35,0.05,0.05,0.09,0.41,0.40,1.00
0.32,0.04,0.03,0.07,0.35,0.42,1.00
0.75,0.07,0.03,0.03,0.15,0.60,1.00
0.56,1.00,1.00,1.00,0.46,0.60,0.00
1.00,0.49,0.26,0.22,0.36,0.50,1.00
1.00,1.00,0.73,0.56,0.66,0.50,0.00
1.00,0.75,0.82,1.00,1.00,0.60,0.00
0.06,0.07,0.20,0.77,1.00,0.96,1.00
1.00,0.69,0.56,0.70,1.00,0.50,0.00
0.79,1.00,1.00,1.00,1.00,0.40,0.00
1.00,1.00,0.40,0.97,1.00,0.60,0.00
1.00,0.29,0.24,0.32,1.00,0.43,1.00
1.00,0.25,0.26,0.45,1.00,0.55,1.00
1.00,1.00,0.41,0.15,0.08,0.56,1.00
1.00,0.72,1.00,1.00,1.00,0.50,0.00
0.07,0.08,0.96,1.00,1.00,0.67,1.00
1.00,1.00,1.00,1.00,0.71,0.50,0.00
1.00,0.33,0.24,0.29,1.00,0.07,1.00
0.13,0.19,0.52,0.56,0.81,0.71,1.00
0.39,0.52,1.00,1.00,1.00,0.30,0.00
0.70,1.00,1.00,1.00,1.00,0.50,0.00
1.00,1.00,1.00,0.89,1.00,0.90,0.00
1.00,1.00,0.51,0.11,0.00,0.40,1.00
1.00,0.47,0.30,0.31,1.00,0.48,1.00
0.38,0.05,0.04,0.07,0.31,0.50,1.00
1.00,1.00,0.47,0.15,0.06,0.45,1.00
1.00,1.00,1.00,1.00,0.82,0.40,0.00
1.00,1.00,1.00,1.00,1.00,0.50,0.00
0.06,0.30,1.00,1.00,0.90,0.30,0.00
1.00,0.70,0.54,0.64,1.00,0.50,0.00
1.00,1.00,1.00,1.00,1.00,0.70,0.00
1.00,0.78,0.19,0.10,0.08,0.30,1.00
1.00,1.00,0.82,0.60,0.68,0.50,0.00
1.00,1.00,0.88,0.75,1.00,0.50,0.00
0.80,1.00,1.00,1.00,0.13,0.60,0.00
1.00,1.00,0.44,0.14,0.05,0.58,1.00
1.00,0.82,0.14,0.21,1.00,0.81,1.00
1.00,0.75,0.60,0.75,1.00,0.50,0.00
1.00,0.15,0.24,0.62,1.00,0.45,1.00
1.00,0.55,0.27,0.22,0.33,0.30,1.00
1.00,1.00,1.00,1.00,1.00,0.50,0.00
1.00,1.00,0.93,0.87,1.00,0.30,0.00
0.46,0.19,0.19,0.31,1.00,0.30,1.00
1.00,0.84,0.98,1.00,1.00,0.40,0.00
1.00,0.27,0.25,0.38,1.00,0.49,1.00
1.00,1.00,1.00,0.84,1.00,0.40,0.00
1.00,1.00,1.00,0.39,0.25,0.30,0.00
0.67,0.24,0.22,0.30,0.97,0.50,1.00
1.00,1.00,1.00,0.87,1.00,0.40,0.00
1.00,1.00,0.55,0.22,0.13,0.33,1.00
0.99,1.00,1.00,1.00,1.00,0.40,0.00
0.34,0.03,0.02,0.05,0.27,0.50,1.00
1.00,1.00,1.00,0.71,1.00,0.80,0.00
1.00,1.00,0.54,0.18,0.07,0.12,1.00
0.38,0.16,0.18,0.32,1.00,0.37,1.00
0.71,1.00,1.00,0.72,1.00,0.50,0.00
0.15,0.12,0.25,0.76,1.00,0.47,1.00
1.00,1.00,1.00,0.49,1.00,0.40,0.00
0.67,1.00,1.00,1.00,0.28,0.40,0.00
0.54,1.00,1.00,0.90,0.39,0.50,0.00
1.00,1.00,1.00,1.00,0.86,0.30,0.00
1.00,1.00,0.53,0.18,0.08,0.12,1.00
1.00,0.86,0.69,0.86,1.00,0.10,0.00
0.41,0.79,1.00,1.00,1.00,1.00,0.00
0.14,0.12,0.24,0.74,1.00,0.40,1.00
1.00,0.91,0.73,0.91,1.00,0.40,0.00
0.81,0.91,0.93,1.00,1.00,0.20,0.00
0.14,0.12,0.23,0.60,1.00,0.49,1.00
0.40,0.54,1.00,1.00,0.80,0.70,0.00
1.00,1.00,1.00,0.93,1.00,0.40,0.00
1.00,0.41,0.26,0.26,0.51,0.50,1.00
1.00,1.00,1.00,1.00,1.00,0.50,0.00
1.00,0.99,0.23,0.12,0.11,0.65,1.00
1.00,0.31,0.12,0.08,0.12,0.50,1.00
1.00,1.00,1.00,0.85,1.00,0.80,0.00
0.07,0.15,0.47,1.00,1.00,0.76,1.00
1.00,1.00,0.86,0.57,0.58,0.50,0.00
0.83,0.07,0.03,0.03,0.13,0.57,1.00
1.00,1.00,1.00,1.00,0.34,0.60,0.00
1.00,1.00,0.46,0.13,0.03,0.53,1.00
0.05,0.11,0.39,1.00,1.00,0.70,1.00
1.00,0.35,0.13,0.08,0.12,0.50,1.00
1.00,0.99,0.29,0.16,0.14,0.72,1.00
0.80,1.00,1.00,0.46,0.14,0.50,0.00
0.06,0.07,0.19,0.75,1.00,1.00,1.00
0.72,1.00,1.00,0.58,0.22,0.50,0.00
0.41,1.00,1.00,1.00,1.00,0.40,0.00
0.27,0.05,0.06,0.13,0.64,0.40,1.00
0.71,1.00,1.00,0.58,0.22,0.50,0.00
1.00,0.26,0.15,0.14,0.30,0.50,1.00
1.00,0.55,0.26,0.21,0.30,0.13,1.00
1.00,1.00,0.62,0.25,0.18,0.32,1.00
1.00,1.00,1.00,0.15,0.10,0.34,1.00
1.00,1.00,0.20,0.16,0.26,0.24,1.00
1.00,1.00,0.95,0.47,0.37,0.90,0.00
1.00,1.00,1.00,1.00,1.00,0.60,0.00
0.74,0.24,0.20,0.27,0.82,0.50,1.00
1.00,0.94,0.85,1.00,1.00,0.40,0.00
0.02,0.29,1.00,1.00,1.00,0.90,1.00
0.30,0.05,0.05,0.10,0.45,0.40,1.00
1.00,0.81,0.73,0.96,1.00,0.50,0.00
1.00,1.00,0.24,0.12,0.11,0.60,1.00
1.00,0.84,0.68,0.84,1.00,0.40,0.00
1.00,1.00,1.00,1.00,1.00,0.40,0.00
0.17,0.14,0.27,0.84,1.00,0.70,1.00
1.00,1.00,0.52,0.14,0.03,0.30,1.00
1.00,1.00,0.61,0.67,1.00,0.50,0.00
1.00,1.00,1.00,1.00,1.00,0.30,0.00
0.32,0.05,0.05,0.10,0.44,0.40,1.00
1.00,1.00,1.00,1.00,1.00,0.50,0.00
1.00,1.00,1.00,1.00,0.75,0.40,0.00
1.00,1.00,1.00,0.15,0.10,0.31,1.00
1.00,0.44,0.35,0.46,1.00,0.50,0.00
0.19,0.12,0.15,0.31,1.00,0.54,1.00
0.51,0.23,0.23,0.37,1.00,0.39,1.00
1.00,1.00,1.00,0.17,0.11,0.50,1.00
1.00,0.45,0.15,0.09,0.11,0.40,1.00
0.44,0.50,0.94,1.00,1.00,0.80,0.00
0.90,0.34,0.24,0.27,0.64,0.50,1.00
1.00,1.00,0.69,0.86,1.00,0.20,0.00
0.10,0.13,0.33,1.00,1.00,0.65,1.00
1.00,1.00,0.95,0.57,1.00,0.20,0.00
0.51,0.44,0.64,1.00,1.00,0.90,0.00
1.00,1.00,0.11,0.13,1.00,0.70,1.00
0.24,0.05,0.07,0.16,0.63,0.44,1.00
0.04,0.21,1.00,1.00,1.00,0.80,1.00
1.00,1.00,0.90,0.29,0.15,0.60,0.00
0.14,0.12,0.24,0.69,1.00,0.43,1.00
0.10,0.06,0.14,0.43,1.00,0.68,1.00
1.00,0.92,0.73,0.91,1.00,0.40,0.00
1.00,0.23,0.27,0.50,1.00,0.60,1.00
1.00,1.00,0.82,0.62,1.00,0.60,0.00
1.00,1.00,0.23,0.11,0.10,0.20,1.00
1.00,0.41,0.27,0.28,0.55,0.50,1.00
1.00,0.21,0.09,0.07,0.13,0.49,1.00
1.00,0.69,0.71,1.00,1.00,0.60,0.00
1.00,0.69,0.23,0.15,0.17,0.50,1.00
0.17,0.02,0.02,0.05,0.27,0.49,1.00
1.00,1.00,1.00,1.00,1.00,0.50,0.00
1.00,1.00,1.00,1.00,0.58,0.90,0.00
1.00,0.42,0.35,0.44,1.00,0.50,0.00
0.74,1.00,1.00,1.00,0.92,0.80,0.00
0.42,0.01,0.00,0.00,0.12,0.50,1.00
1.00,1.00,1.00,0.18,0.16,0.50,1.00
0.54,0.21,0.20,0.30,1.00,0.32,1.00
1.00,0.72,1.00,1.00,0.54,0.10,0.00
0.07,0.10,0.26,1.00,1.00,0.46,1.00
0.36,0.95,1.00,1.00,0.57,0.50,0.00
0.98,0.60,0.64,1.00,1.00,0.60,0.00
0.11,0.06,0.12,0.34,1.00,0.47,1.00
1.00,0.84,0.68,0.84,1.00,0.90,0.00
1.00,1.00,1.00,1.00,1.00,0.50,0.00
0.31,0.11,0.14,0.31,0.40,0.35,1.00
0.58,0.62,1.00,1.00,1.00,0.50,0.00
0.96,0.42,0.39,0.54,1.00,0.50,0.00
0.15,0.06,0.11,0.27,0.57,0.59,1.00
0.74,0.62,0.83,1.00,1.00,0.40,0.00
0.22,1.00,1.00,1.00,1.00,0.40,0.00
0.10,1.00,1.00,1.00,1.00,0.50,0.00
1.00,0.90,0.73,0.90,1.00,0.50,0.00
0.63,1.00,1.00,1.00,1.00,0.50,0.00
0.21,1.00,1.00,1.00,0.71,0.50,0.00
0.27,0.48,1.00,1.00,0.77,0.80,0.00
1.00,1.00,0.35,0.15,0.09,0.50,1.00
1.00,1.00,0.38,0.17,0.12,0.50,1.00
0.38,1.00,1.00,1.00,1.00,0.50,0.00
0.40,0.05,0.04,0.07,0.30,0.50,1.00
0.37,0.43,0.29,0.19,0.21,0.80,1.00
0.36,1.00,1.00,1.00,1.00,0.60,0.00
0.32,0.13,0.16,0.29,1.00,0.79,1.00
0.16,0.06,0.11,0.25,1.00,0.50,1.00
1.00,1.00,1.00,0.89,0.98,0.00,0.00
1.00,1.00,0.94,0.51,0.44,0.10,0.00
1.00,1.00,1.00,1.00,1.00,0.30,0.00
0.04,0.03,0.10,0.37,1.00,0.50,1.00
0.76,0.23,0.20,0.26,0.75,0.50,1.00
1.00,0.48,0.19,0.13,0.17,0.50,1.00
0.96,0.59,0.62,1.00,1.00,0.30,0.00
1.00,0.42,0.34,0.43,1.00,0.50,0.00
1.00,0.72,0.27,0.20,0.25,0.60,1.00
0.17,0.01,0.01,0.03,0.25,0.54,1.00
0.49,1.00,1.00,1.00,1.00,0.60,0.00
1.00,0.80,0.20,0.10,0.07,0.32,1.00
1.00,1.00,0.39,0.15,0.07,0.33,1.00
1.00,1.00,0.46,0.15,0.06,0.46,1.00
1.00,0.81,0.99,1.00,1.00,0.80,0.00
1.00,1.00,1.00,1.00,1.00,0.60,0.00
1.00,1.00,1.00,1.00,1.00,0.50,0.00
0.46,1.00,1.00,1.00,1.00,0.30,0.00
1.00,1.00,0.04,0.16,1.00,1.00,1.00
0.90,0.13,0.07,0.07,0.18,0.50,1.00
1.00,0.31,0.14,0.11,0.21,0.50,1.00
1.00,1.00,1.00,1.00,1.00,0.50,0.00
1.00,1.00,1.00,1.00,1.00,0.60,0.00
0.98,0.60,0.64,1.00,1.00,0.50,0.00
1.00,1.00,0.60,1.00,1.00,0.30,0.00
0.38,0.06,0.05,0.08,0.37,0.43,1.00
0.19,0.07,0.11,1.00,1.00,0.50,1.00
0.24,0.16,0.24,0.56,0.41,0.30,1.00
1.00,1.00,0.21,0.15,0.21,0.20,1.00
1.00,0.29,0.18,0.19,0.39,0.42,1.00
0.31,0.05,0.05,0.10,0.44,0.40,1.00
0.59,0.25,0.24,0.39,1.00,0.45,1.00
0.29,0.03,0.03,0.06,0.32,0.40,1.00
0.63,0.55,0.75,0.86,1.00,0.30,0.00
1.00,0.93,1.00,0.75,0.60,0.50,0.00
0.12,0.06,0.12,0.33,1.00,0.46,1.00
1.00,0.87,0.71,0.88,1.00,0.40,0.00
0.02,0.13,0.53,0.90,0.99,0.67,1.00
0.29,0.81,1.00,1.00,1.00,0.50,0.00
0.65,0.24,0.22,0.33,1.00,0.49,1.00
0.12,0.01,0.05,0.13,1.00,0.70,1.00
1.00,1.00,0.19,0.11,0.14,0.54,1.00
1.00,1.00,1.00,1.00,1.00,0.10,0.00
1.00,1.00,1.00,1.00,1.00,0.50,0.00
0.12,0.28,1.00,1.00,1.00,0.40,0.00
1.00,0.35,0.22,0.23,0.45,0.44,1.00
1.00,0.54,0.44,0.53,0.83,0.20,0.00
1.00,0.21,0.10,0.07,0.15,0.50,1.00
1.00,0.27,0.11,0.07,0.13,0.50,1.00
0.63,0.31,0.31,0.48,1.00,0.70,0.00
0.30,0.05,0.06,0.12,0.56,0.40,1.00
1.00,1.00,0.39,0.16,0.09,0.38,1.00
1.00,1.00,1.00,1.00,0.31,0.50,0.00
0.08,0.11,0.28,1.00,1.00,0.55,1.00
1.00,1.00,1.00,1.00,0.38,0.50,0.00
0.27,0.22,0.25,0.48,0.36,0.41,1.00
1.00,0.87,0.70,0.88,1.00,0.50,0.00
0.09,0.07,0.20,1.00,1.00,0.35,1.00
1.00,0.86,0.70,0.88,1.00,0.70,0.00
0.95,1.00,1.00,0.29,0.09,0.50,0.00
1.00,0.21,0.23,0.41,1.00,0.73,1.00
0.94,1.00,1.00,1.00,1.00,0.50,0.00
1.00,1.00,1.00,0.16,0.07,0.50,1.00
0.05,0.03,0.11,0.36,1.00,0.50,1.00
0.16,0.13,0.26,0.79,1.00,0.57,1.00
1.00,0.35,0.60,1.00,1.00,0.50,0.00
1.00,1.00,1.00,1.00,1.00,0.20,0.00
0.39,0.36,0.56,1.00,1.00,0.30,0.00
1.00,1.00,0.81,1.00,1.00,0.50,0.00
0.80,1.00,1.00,0.45,0.83,0.50,0.00
1.00,0.46,0.27,0.26,0.46,0.67,1.00
0.27,0.01,0.02,0.04,0.28,0.46,1.00
1.00,0.49,1.00,1.00,1.00,0.40,0.00
0.13,0.09,0.14,0.31,1.00,0.58,1.00
0.16,0.06,0.10,0.24,1.00,0.46,1.00
0.40,0.31,0.44,1.00,1.00,0.40,0.00
1.00,1.00,1.00,1.00,1.00,0.50,0.00
1.00,1.00,0.44,0.20,0.13,0.70,0.00
1.00,0.17,0.07,0.05,0.12,0.50,1.00
0.64,0.29,0.28,0.43,1.00,0.50,1.00
1.00,1.00,0.38,0.17,0.12,0.50,1.00
0.09,0.05,0.14,0.40,1.00,0.59,1.00
0.57,1.00,1.00,1.00,1.00,0.30,0.00
1.00,1.00,1.00,1.00,0.87,0.80,0.00
1.00,1.00,0.27,0.09,0.03,0.50,1.00
0.54,0.56,0.92,1.00,1.00,0.60,0.00
1.00,0.66,0.70,1.00,1.00,0.50,0.00
0.30,0.03,0.03,0.06,0.32,0.46,1.00
1.00,0.39,0.15,0.10,0.14,0.50,1.00
1.00,1.00,0.82,0.99,1.00,0.50,0.00
0.10,0.07,0.16,0.45,1.00,0.68,1.00
0.65,1.00,1.00,0.61,0.32,0.50,0.00
1.00,0.57,0.20,0.14,0.17,0.50,1.00
1.00,1.00,0.68,0.38,0.33,0.40,0.00
1.00,1.00,1.00,1.00,0.53,0.50,0.00
0.10,0.03,0.10,0.28,1.00,0.58,1.00
0.12,0.05,0.11,0.30,1.00,0.50,1.00
1.00,1.00,1.00,1.00,1.00,0.50,0.00
1.00,1.00,0.59,0.74,1.00,0.50,0.00
0.12,0.11,0.22,0.70,1.00,0.43,1.00
1.00,1.00,1.00,1.00,1.00,0.40,0.00
0.90,0.79,0.67,0.76,1.00,0.20,0.00
0.38,0.16,0.18,0.31,1.00,0.40,1.00
1.00,0.84,0.68,0.84,1.00,0.20,0.00
1.00,1.00,1.00,1.00,1.00,0.50,0.00
1.00,1.00,0.41,0.18,0.12,0.53,1.00
1.00,0.64,0.50,0.61,1.00,0.50,0.00
1.00,0.35,0.13,0.07,0.11,0.30,1.00
0.31,0.87,1.00,1.00,1.00,0.50,0.00
0.36,0.02,0.01,0.03,0.21,0.45,1.00
1.00,0.24,0.26,0.46,1.00,0.57,1.00
0.62,0.74,1.00,1.00,1.00,0.40,0.00
1.00,1.00,1.00,1.00,1.00,0.40,0.00
1.00,0.85,0.69,0.85,1.00,0.60,0.00
1.00,1.00,1.00,0.82,0.85,0.90,0.00
1.00,1.00,1.00,1.00,1.00,0.70,0.00
1.00,1.00,1.00,1.00,1.00,0.40,0.00
1.00,0.13,0.22,0.71,1.00,0.45,1.00
0.76,0.23,0.20,0.26,0.76,0.61,1.00
0.71,0.35,0.35,0.53,1.00,0.90,0.00
1.00,1.00,1.00,1.00,1.00,0.60,0.00
1.00,0.62,0.60,0.90,1.00,0.50,0.00
0.75,0.24,0.21,0.28,0.79,0.50,1.00
1.00,1.00,1.00,0.92,1.00,0.40,0.00
1.00,0.43,0.29,0.31,0.63,0.50,1.00
1.00,0.26,0.14,0.14,0.29,0.50,1.00
1.00,1.00,0.33,0.17,0.14,0.63,1.00
0.99,0.08,0.03,0.02,0.10,0.50,1.00
0.37,0.31,0.21,0.16,0.27,0.67,1.00
0.09,0.06,0.15,0.46,1.00,0.68,1.00
0.54,1.00,1.00,1.00,0.40,0.40,0.00
0.07,0.14,0.40,1.00,1.00,0.10,0.00
0.53,1.00,1.00,0.89,1.00,0.60,0.00
1.00,1.00,0.68,0.70,1.00,0.50,0.00
1.00,1.00,1.00,1.00,1.00,0.70,0.00
0.10,0.13,0.31,1.00,1.00,0.70,1.00
1.00,0.96,0.81,1.00,0.66,0.40,0.00
1.00,1.00,1.00,1.00,1.00,0.60,0.00
1.00,1.00,0.47,0.13,0.03,0.51,1.00
1.00,0.12,0.23,0.66,1.00,0.40,1.00
0.14,0.12,0.23,0.58,1.00,0.50,1.00
1.00,0.66,0.52,0.62,1.00,0.60,0.00
1.00,1.00,0.95,1.00,1.00,0.60,0.00
1.00,1.00,1.00,0.64,1.00,0.40,0.00
1.00,1.00,1.00,1.00,1.00,0.50,0.00
1.00,1.00,0.49,0.46,0.70,0.50,0.00
0.46,0.57,1.00,1.00,0.80,0.90,0.00
0.28,0.05,0.06,0.13,0.62,0.40,1.00
1.00,0.25,0.27,0.44,1.00,0.70,1.00
1.00,1.00,1.00,1.00,1.00,0.90,0.00
0.63,1.00,1.00,0.74,1.00,0.50,0.00
0.14,0.15,0.36,0.57,0.92,0.59,1.00
1.00,1.00,1.00,1.00,1.00,0.50,0.00
1.00,1.00,1.00,1.00,0.58,0.50,0.00
1.00,1.00,1.00,1.00,1.00,0.50,0.00
0.85,0.96,1.00,1.00,1.00,0.50,0.00
0.72,0.38,0.39,1.00,1.00,0.30,0.00
1.00,1.00,1.00,0.16,0.65,0.50,1.00
1.00,1.00,0.76,0.79,0.98,0.40,0.00
0.37,1.00,1.00,0.92,0.57,0.30,0.00
1.00,1.00,0.39,0.15,0.07,0.30,1.00
1.00,1.00,1.00,0.93,0.64,0.10,0.00
1.00,0.85,0.69,0.85,1.00,0.30,0.00
1.00,1.00,1.00,1.00,1.00,0.20,0.00
0.14,0.11,0.22,0.56,1.00,0.53,1.00
0.34,0.06,0.06,0.11,0.48,0.40,1.00
0.94,1.00,1.00,1.00,1.00,0.50,0.00
0.35,0.05,0.05,0.08,0.37,0.45,1.00
0.79,1.00,1.00,0.46,0.14,0.50,0.00
0.88,1.00,1.00,1.00,1.00,0.60,0.00
1.00,0.69,0.56,0.70,1.00,0.60,0.00
1.00,0.92,0.74,1.00,1.00,0.50,0.00
1.00,1.00,0.85,0.65,0.77,0.50,0.00
1.00,1.00,1.00,1.00,1.00,0.50,0.00
0.10,0.06,0.15,0.43,1.00,0.70,1.00
1.00,1.00,0.79,0.47,0.44,0.60,0.00
0.60,1.00,1.00,0.86,0.39,0.30,0.00
1.00,0.85,0.21,0.10,0.08,0.27,1.00
1.00,1.00,1.00,0.42,0.43,0.50,0.00
0.14,0.12,0.25,0.81,1.00,0.80,1.00
0.29,0.27,0.47,1.00,1.00,0.60,0.00
1.00,0.72,0.59,0.73,1.00,0.20,0.00
0.62,0.68,1.00,1.00,0.70,0.20,0.00
1.00,0.98,1.00,1.00,0.48,0.50,0.00
0.96,1.00,1.00,1.00,1.00,0.60,0.00
1.00,0.96,0.05,0.16,1.00,0.93,1.00
0.55,0.92,1.00,1.00,1.00,0.50,0.00
1.00,1.00,1.00,0.18,0.06,0.36,1.00
1.00,1.00,1.00,1.00,1.00,0.70,0.00
1.00,0.86,0.69,0.86,1.00,0.70,0.00
0.32,0.04,0.04,0.07,0.35,0.50,1.00
1.00,1.00,1.00,1.00,1.00,0.30,0.00
1.00,0.53,0.52,1.00,1.00,0.50,0.00
1.00,1.00,1.00,1.00,1.00,0.50,0.00
0.07,0.14,0.44,1.00,1.00,0.43,1.00
1.00,0.55,0.26,0.21,0.32,0.50,1.00
0.36,0.16,0.19,0.33,1.00,0.71,1.00
1.00,1.00,1.00,1.00,1.00,0.70,0.00
0.45,0.59,1.00,1.00,1.00,0.30,0.00
0.18,0.15,0.27,0.78,1.00,0.44,1.00
0.49,0.02,0.01,0.00,0.12,0.50,1.00
1.00,0.50,0.27,0.24,0.41,0.61,1.00
0.16,0.01,0.01,0.03,0.24,0.54,1.00
1.00,1.00,0.52,0.17,0.07,0.90,0.00
0.29,0.05,0.05,0.10,0.46,0.40,1.00
1.00,0.87,0.71,0.88,1.00,0.20,0.00
1.00,1.00,1.00,1.00,1.00,0.80,0.00
1.00,1.00,0.84,0.88,1.00,0.80,0.00
1.00,0.21,0.25,0.45,1.00,0.85,1.00
0.64,1.00,1.00,1.00,1.00,0.70,0.00
1.00,1.00,0.23,0.12,0.11,0.59,1.00
0.34,0.04,0.04,0.07,0.34,0.50,1.00
0.81,0.40,1.00,1.00,1.00,0.30,0.00
1.00,0.90,0.73,1.00,1.00,0.70,0.00
0.58,0.21,0.20,0.29,0.95,0.34,1.00
1.00,1.00,1.00,1.00,0.93,0.20,0.00
0.12,0.11,0.23,0.74,1.00,0.56,1.00
1.00,1.00,0.34,0.43,1.00,0.60,0.00
0.00,0.11,0.50,1.00,1.00,0.40,1.00
1.00,1.00,1.00,1.00,1.00,0.60,0.00
0.39,0.17,0.19,0.32,1.00,0.30,1.00
1.00,1.00,0.47,0.13,0.04,0.43,1.00
1.00,1.00,0.85,0.56,0.57,0.60,0.00
1.00,1.00,1.00,0.21,0.05,0.42,1.00
1.00,1.00,1.00,1.00,1.00,0.80,0.00
0.55,0.99,1.00,1.00,0.97,0.40,0.00
1.00,0.98,0.26,0.10,0.05,0.62,1.00
0.40,0.18,0.19,0.33,1.00,0.31,1.00
0.15,0.06,0.11,0.28,0.56,0.58,1.00
1.00,0.64,0.66,1.00,1.00,0.50,0.00
1.00,0.96,1.00,1.00,1.00,0.20,0.00
0.33,0.03,0.03,0.06,0.31,0.43,1.00
0.33,0.04,0.04,0.07,0.37,0.40,1.00
1.00,1.00,1.00,0.15,0.02,0.46,1.00
1.00,1.00,1.00,1.00,1.00,0.50,0.00
1.00,1.00,0.21,0.09,0.05,0.51,1.00
0.86,0.46,0.46,0.72,1.00,0.50,0.00
1.00,1.00,1.00,0.92,0.34,0.50,0.00
0.02,0.09,0.38,1.00,1.00,0.53,1.00
0.06,0.17,0.60,0.90,0.99,0.75,1.00
1.00,1.00,1.00,0.18,0.15,0.48,1.00
1.00,0.58,0.61,1.00,1.00,1.00,0.00
1.00,0.38,0.22,0.21,0.40,0.47,1.00
0.82,1.00,1.00,1.00,1.00,0.10,0.00
0.42,0.93,1.00,1.00,1.00,0.50,0.00
1.00,1.00,1.00,1.00,1.00,1.00,0.00
0.10,0.13,0.31,1.00,1.00,0.70,1.00
1.00,1.00,1.00,1.00,1.00,0.60,0.00
1.00,1.00,0.42,0.18,0.12,0.55,1.00
0.16,0.05,0.10,0.23,1.00,0.47,1.00
1.00,1.00,1.00,1.00,1.00,0.50,0.00
0.11,0.16,0.40,1.00,1.00,0.50,1.00
1.00,1.00,1.00,0.37,0.12,0.70,0.00
1.00,1.00,0.45,0.14,0.06,0.45,1.00
0.79,0.92,1.00,1.00,1.00,1.00,0.00
